id,created_at,source_type,source_name,topic_label,dominant_topic_probability,vader_compound,sentiment_class,title,url,text_raw
https://thehackernews.com/2026/04/vect-20-ransomware-irreversibly.html,2026-04-28T14:01:00Z,news_rss,The Hacker News,Ransomware / Malware / Attacks,0.2557749450206756,-0.9532,negative,"VECT 2.0 Ransomware Irreversibly Destroys Files Over 131KB on Windows, Linux, ESXi",https://thehackernews.com/2026/04/vect-20-ransomware-irreversibly.html,"VECT 2.0 Ransomware Irreversibly Destroys Files Over 131KB on Windows, Linux, ESXi Threat hunters are warning that the cybercriminal operation known as VECT 2.0 acts more like a wiper than a ransomware due to a critical flaw in its encryption implementation across Windows, Linux, and ESXi variants that renders recovery impossible even for the threat actors. The fact that VECT's locker permanently destroys large files rather than encrypting them means even victims who opt to"
https://www.bleepingcomputer.com/news/security/broken-vect-20-ransomware-acts-as-a-data-wiper-for-large-files/,2026-04-28T21:25:57Z,news_rss,BleepingComputer,Ransomware / Malware / Attacks,0.3511325120925903,-0.8957,negative,Broken VECT 2.0 ransomware acts as a data wiper for large files,https://www.bleepingcomputer.com/news/security/broken-vect-20-ransomware-acts-as-a-data-wiper-for-large-files/,Broken VECT 2.0 ransomware acts as a data wiper for large files Researchers are warning that the VECT 2.0 ransomware has a problem in the way it handles encryption nonces that leads to permanently destroying larger files rather than encrypt them. [...]
https://www.bleepingcomputer.com/news/security/us-reportedly-charges-scattered-spider-hacker-arrested-in-finland/,2026-04-28T15:39:52Z,news_rss,BleepingComputer,Ransomware / Malware / Attacks,0.2802563011646271,-0.8591,negative,US reportedly charges Scattered Spider hacker arrested in Finland,https://www.bleepingcomputer.com/news/security/us-reportedly-charges-scattered-spider-hacker-arrested-in-finland/,US reportedly charges Scattered Spider hacker arrested in Finland A 19-year-old dual United States and Estonian citizen arrested in Finland earlier this month faces federal charges in the U.S. alleging he was a prolific member of the notorious Scattered Spider hacking collective. [...]
t3_1sy2twb,2026-04-28T14:20:43Z,reddit_rss,privacy,Ransomware / Malware / Attacks,0.2050361633300781,-0.6705,negative,"Police Surveillance Abuse Exposed as Officers Face Allegations of Using Licence Plate Data to Stalk Exes, Strangers",https://www.reddit.com/r/privacy/comments/1sy2twb/police_surveillance_abuse_exposed_as_officers/,"Police Surveillance Abuse Exposed as Officers Face Allegations of Using Licence Plate Data to Stalk Exes, Strangers submitted by /u/novagridd [link] [comments]"
t3_1sycwhm,2026-04-28T20:16:00Z,reddit_rss,privacy,Ransomware / Malware / Attacks,0.2182293832302093,-0.667,negative,How to start over without being linked,https://www.reddit.com/r/privacy/comments/1sycwhm/how_to_start_over_without_being_linked/,"How to start over without being linked I want to create a new online identity that isn’t linked to my previous one, but I’m confused about what can still connect the two. If I make a new email on a device I previously used for old accounts, could it become linked to my past footprint? What if I use a freshly formatted device but the same Wi-Fi, does that still create a connection? I assume I should avoid mixing old accounts, usernames, or services with new ones. And if I pay for things online with my card, does that link identities too? I don’t want to start over and later realize the new identity is still tied to the old one. And what about stuff I can't make or don't want to make new accounts for/linked with old accounts (e.g games). submitted by /u/AlternativePrize1003 [link] [comments]"
t3_1sy6s21,2026-04-28T16:42:03Z,reddit_rss,blueteamsec,Ransomware / Malware / Attacks,0.2819045782089233,-0.4995,negative,MAD Bugs: QEMU and UTM Escape,https://www.reddit.com/r/blueteamsec/comments/1sy6s21/mad_bugs_qemu_and_utm_escape/,MAD Bugs: QEMU and UTM Escape submitted by /u/digicat [link] [comments]
t3_1sy6cin,2026-04-28T16:26:32Z,reddit_rss,blueteamsec,Ransomware / Malware / Attacks,0.4422339797019958,-0.4767,negative,"BlueNoroff Uses ClickFix, Fileless PowerShell, and AI-Generated Fake Zoom Meetings to Target Web3 Sector",https://www.reddit.com/r/blueteamsec/comments/1sy6cin/bluenoroff_uses_clickfix_fileless_powershell_and/,"BlueNoroff Uses ClickFix, Fileless PowerShell, and AI-Generated Fake Zoom Meetings to Target Web3 Sector submitted by /u/digicat [link] [comments]"
t3_1syfqie,2026-04-28T22:02:00Z,reddit_rss,privacy,Ransomware / Malware / Attacks,0.2166237533092498,0.5661,positive,Do services like Incogni or Aura actually do what they say? Do they provide proof that your info is actually removed from the databases the request to have your information removed from?,https://www.reddit.com/r/privacy/comments/1syfqie/do_services_like_incogni_or_aura_actually_do_what/,Do services like Incogni or Aura actually do what they say? Do they provide proof that your info is actually removed from the databases the request to have your information removed from? It kind of seems like they just work on a weird handshake deal. I would guess that they are still keeping your data. submitted by /u/azninvasion2000 [link] [comments]
t3_1sy7ruo,2026-04-28T17:16:32Z,reddit_rss,ReverseEngineering,Ransomware / Malware / Attacks,0.3034477233886719,0.5719,positive,Building a perfect clone of 1993 game SimTower (via RE),https://www.reddit.com/r/ReverseEngineering/comments/1sy7ruo/building_a_perfect_clone_of_1993_game_simtower/,Building a perfect clone of 1993 game SimTower (via RE) submitted by /u/scatematica [link] [comments]
