source_type,source_name,rows,percent_dataset,percent_source_type
cve,NVD CVE,1295,30.1,100.0
reddit_rss,cybersecurity,152,3.53,23.24
reddit_rss,sysadmin,133,3.09,20.34
reddit_rss,privacy,79,1.84,12.08
reddit_rss,blueteamsec,70,1.63,10.7
news_rss,The Hacker News,65,1.51,33.68
news_rss,BleepingComputer,38,0.88,19.69
reddit_rss,hacking,36,0.84,5.5
reddit_rss,netsec,36,0.84,5.5
news_api,forbes.com,35,0.81,1.62
reddit_rss,ReverseEngineering,34,0.79,5.2
news_api,techradar.com,31,0.72,1.43
reddit_rss,osint,31,0.72,4.74
reddit_rss,AskNetsec,30,0.7,4.59
news_api,ascii.jp,29,0.67,1.34
reddit_rss,Malware,28,0.65,4.28
reddit_rss,ComputerSecurity,25,0.58,3.82
news_api,cnews.ru,23,0.53,1.06
news_api,ithome.com.tw,23,0.53,1.06
news_rss,Rapid7 Blog,23,0.53,11.92
news_api,bankinfosecurity.com,18,0.42,0.83
news_api,boredpanda.com,18,0.42,0.83
news_api,theregister.com,18,0.42,0.83
news_api,haberler.com,17,0.4,0.79
news_rss,Unit 42,17,0.4,8.81
news_api,163.com,16,0.37,0.74
news_api,itbrief.co.nz,16,0.37,0.74
news_api,manilatimes.net,16,0.37,0.74
news_rss,Cisco Talos Blog,16,0.37,8.29
news_api,govinfosecurity.com,14,0.33,0.65
news_rss,SANS Internet Storm Center,14,0.33,7.25
news_api,fnnews.com,13,0.3,0.6
news_api,el-balad.com,12,0.28,0.56
news_api,esecurityplanet.com,12,0.28,0.56
news_api,finance.sina.com.cn,12,0.28,0.56
news_api,baijiahao.baidu.com,11,0.26,0.51
news_api,cointelegraph.com,11,0.26,0.51
news_api,economictimes.indiatimes.com,11,0.26,0.51
news_api,finanznachrichten.de,11,0.26,0.51
news_api,fool.com,11,0.26,0.51
news_rss,KrebsOnSecurity,11,0.26,5.7
news_api,csoonline.com,10,0.23,0.46
news_api,finance.yahoo.com,10,0.23,0.46
news_api,techcrunch.com,10,0.23,0.46
news_api,infosecurity-magazine.com,9,0.21,0.42
news_api,jdsupra.com,9,0.21,0.42
news_api,timesofindia.indiatimes.com,9,0.21,0.42
news_rss,Google Project Zero,9,0.21,4.66
news_api,biz.heraldcorp.com,8,0.19,0.37
news_api,channellife.co.nz,8,0.19,0.37
news_api,moneycontrol.com,8,0.19,0.37
news_api,securitylab.ru,8,0.19,0.37
news_api,birgun.net,7,0.16,0.32
news_api,edaily.co.kr,7,0.16,0.32
news_api,excite.co.jp,7,0.16,0.32
news_api,rpp.pe,7,0.16,0.32
news_api,yahoo.com,7,0.16,0.32
news_api,eturbonews.com,6,0.14,0.28
news_api,govtech.com,6,0.14,0.28
news_api,laopcion.com.mx,6,0.14,0.28
news_api,prnewswire.com,6,0.14,0.28
news_api,tvguide.co.uk,6,0.14,0.28
news_api,udayavani.com,6,0.14,0.28
news_api,vz.ru,6,0.14,0.28
news_api,zdnet.co.kr,6,0.14,0.28
news_api,channellife.com.au,5,0.12,0.23
news_api,ddaily.co.kr,5,0.12,0.23
news_api,ensonhaber.com,5,0.12,0.23
news_api,evrensel.net,5,0.12,0.23
news_api,foxnews.com,5,0.12,0.23
news_api,heise.de,5,0.12,0.23
news_api,ibtimes.com.au,5,0.12,0.23
news_api,punchng.com,5,0.12,0.23
news_api,screenrant.com,5,0.12,0.23
news_api,9to5mac.com,4,0.09,0.19
news_api,aa.com.tr,4,0.09,0.19
news_api,cbc.ca,4,0.09,0.19
news_api,coindesk.com,4,0.09,0.19
news_api,collider.com,4,0.09,0.19
news_api,computing.co.uk,4,0.09,0.19
news_api,dostor.org,4,0.09,0.19
news_api,europapress.es,4,0.09,0.19
news_api,ghanamma.com,4,0.09,0.19
news_api,hothardware.com,4,0.09,0.19
news_api,iefimerida.gr,4,0.09,0.19
news_api,insurancebusinessmag.com,4,0.09,0.19
news_api,interfax.ru,4,0.09,0.19
news_api,it-online.co.za,4,0.09,0.19
news_api,itnews.com.au,4,0.09,0.19
news_api,japan.zdnet.com,4,0.09,0.19
news_api,kibrispostasi.com,4,0.09,0.19
news_api,mainichi.jp,4,0.09,0.19
news_api,maliactu.net,4,0.09,0.19
news_api,milliyet.com.tr,4,0.09,0.19
news_api,natalie.mu,4,0.09,0.19
news_api,natlawreview.com,4,0.09,0.19
news_api,newjerseytelegraph.com,4,0.09,0.19
news_api,pcmag.com,4,0.09,0.19
news_api,straitstimes.com,4,0.09,0.19
news_api,thefastmode.com,4,0.09,0.19
news_api,theglobeandmail.com,4,0.09,0.19
news_api,thenews.com.pk,4,0.09,0.19
news_api,time.mk,4,0.09,0.19
news_api,tn.com.ar,4,0.09,0.19
news_api,trthaber.com,4,0.09,0.19
news_api,winnipegfreepress.com,4,0.09,0.19
news_api,wired.com,4,0.09,0.19
news_api,alltoc.com,3,0.07,0.14
news_api,am.com.mx,3,0.07,0.14
news_api,androidauthority.com,3,0.07,0.14
news_api,anlatilaninotesi.com.tr,3,0.07,0.14
news_api,biometricupdate.com,3,0.07,0.14
news_api,bleedingcool.com,3,0.07,0.14
news_api,busan.com,3,0.07,0.14
news_api,business.scoop.co.nz,3,0.07,0.14
news_api,businessday.co.za,3,0.07,0.14
news_api,capital.ro,3,0.07,0.14
news_api,claimsjournal.com,3,0.07,0.14
news_api,cnnturk.com,3,0.07,0.14
news_api,defensenews.com,3,0.07,0.14
news_api,divyabhaskar.co.in,3,0.07,0.14
news_api,donanimgunlugu.com,3,0.07,0.14
news_api,eldiariodechihuahua.mx,3,0.07,0.14
news_api,etoday.co.kr,3,0.07,0.14
news_api,eurasiareview.com,3,0.07,0.14
news_api,eurointegration.com.ua,3,0.07,0.14
news_api,finance.eastmoney.com,3,0.07,0.14
news_api,freepressjournal.in,3,0.07,0.14
news_api,haksozhaber.net,3,0.07,0.14
news_api,hindustantimes.com,3,0.07,0.14
news_api,inewsgr.com,3,0.07,0.14
news_api,itbear.com.cn,3,0.07,0.14
news_api,itbusinessnet.com,3,0.07,0.14
news_api,itnewsonline.com,3,0.07,0.14
news_api,itweb.co.za,3,0.07,0.14
news_api,kmib.co.kr,3,0.07,0.14
news_api,koreaherald.com,3,0.07,0.14
news_api,marketscreener.com,3,0.07,0.14
news_api,miragenews.com,3,0.07,0.14
news_api,mirror.co.uk,3,0.07,0.14
news_api,mondaq.com,3,0.07,0.14
news_api,n.yam.com,3,0.07,0.14
news_api,newkerala.com,3,0.07,0.14
news_api,newspim.com,3,0.07,0.14
news_api,newsway.co.kr,3,0.07,0.14
news_api,newswiretoday.com,3,0.07,0.14
news_api,nypost.com,3,0.07,0.14
news_api,nzherald.co.nz,3,0.07,0.14
news_api,odatv.com,3,0.07,0.14
news_api,politis.com.cy,3,0.07,0.14
news_api,portal.sina.com.hk,3,0.07,0.14
news_api,ria.ru,3,0.07,0.14
news_api,russian.rt.com,3,0.07,0.14
news_api,sabah.com.tr,3,0.07,0.14
news_api,scoop.co.nz,3,0.07,0.14
news_api,shorouknews.com,3,0.07,0.14
news_api,thenextweb.com,3,0.07,0.14
news_api,thesun.ng,3,0.07,0.14
news_api,tomshardware.com,3,0.07,0.14
news_api,tribuneindia.com,3,0.07,0.14
news_api,turkiyegazetesi.com.tr,3,0.07,0.14
news_api,unian.net,3,0.07,0.14
news_api,ura.news,3,0.07,0.14
news_api,vetogate.com,3,0.07,0.14
news_api,vietnamnet.vn,3,0.07,0.14
news_api,wbaltv.com,3,0.07,0.14
news_api,wesh.com,3,0.07,0.14
news_api,wmur.com,3,0.07,0.14
news_api,womannews.net,3,0.07,0.14
news_api,1prime.ru,2,0.05,0.09
news_api,abc.es,2,0.05,0.09
news_api,abovethelaw.com,2,0.05,0.09
news_api,aceshowbiz.com,2,0.05,0.09
news_api,allafrica.com,2,0.05,0.09
news_api,alquds.co.uk,2,0.05,0.09
news_api,americanbanker.com,2,0.05,0.09
news_api,amic.ru,2,0.05,0.09
news_api,androidheadlines.com,2,0.05,0.09
news_api,aninews.in,2,0.05,0.09
news_api,antaranews.com,2,0.05,0.09
news_api,aol.co.uk,2,0.05,0.09
news_api,arkansasonline.com,2,0.05,0.09
news_api,arstechnica.com,2,0.05,0.09
news_api,bankingnews.gr,2,0.05,0.09
news_api,bd-pratidin.com,2,0.05,0.09
news_api,begeek.fr,2,0.05,0.09
news_api,bjnews.com.cn,2,0.05,0.09
news_api,bleepingcomputer.com,2,0.05,0.09
news_api,boerse-express.com,2,0.05,0.09
news_api,bunburymail.com.au,2,0.05,0.09
news_api,business24.ro,2,0.05,0.09
news_api,businessghana.com,2,0.05,0.09
news_api,castanetkamloops.net,2,0.05,0.09
news_api,cloud.watch.impress.co.jp,2,0.05,0.09
news_api,comnews.ru,2,0.05,0.09
news_api,computerweekly.com,2,0.05,0.09
news_api,correiobraziliense.com.br,2,0.05,0.09
news_api,daily.com.ua,2,0.05,0.09
news_api,dailybreeze.com,2,0.05,0.09
news_api,dailyemerald.com,2,0.05,0.09
news_api,dailyinqilab.com,2,0.05,0.09
news_api,dailykos.com,2,0.05,0.09
news_api,dailynews.co.th,2,0.05,0.09
news_api,dailynews.com,2,0.05,0.09
news_api,danas.rs,2,0.05,0.09
news_api,deadline.com,2,0.05,0.09
news_api,diariosur.es,2,0.05,0.09
news_api,digitaljournal.com,2,0.05,0.09
news_api,ecodibergamo.it,2,0.05,0.09
news_api,ecodisicilia.com,2,0.05,0.09
news_api,ecommercenews.co.nz,2,0.05,0.09
news_api,eldestapeweb.com,2,0.05,0.09
news_api,eldia.com.bo,2,0.05,0.09
news_api,elmanana.com,2,0.05,0.09
news_api,elpais.com,2,0.05,0.09
news_api,elsiglodetorreon.com.mx,2,0.05,0.09
news_api,etnews.com,2,0.05,0.09
news_api,europesun.com,2,0.05,0.09
news_api,filmfare.com,2,0.05,0.09
news_api,focus.ua,2,0.05,0.09
news_api,fontanka.ru,2,0.05,0.09
news_api,fox4news.com,2,0.05,0.09
news_api,freemalaysiatoday.com,2,0.05,0.09
news_api,gdnonline.com,2,0.05,0.09
news_api,geeky-gadgets.com,2,0.05,0.09
news_api,github.com,2,0.05,0.09
news_api,gizmodo.com,2,0.05,0.09
news_api,glavcom.ua,2,0.05,0.09
news_api,globalnews.ca,2,0.05,0.09
news_api,greeleytribune.com,2,0.05,0.09
news_api,haber1.com,2,0.05,0.09
news_api,haber7.com,2,0.05,0.09
news_api,habervitrini.com,2,0.05,0.09
news_api,hawaiitelegraph.com,2,0.05,0.09
news_api,heraldk.com,2,0.05,0.09
news_api,hindi.webdunia.com,2,0.05,0.09
news_api,hinews.cn,2,0.05,0.09
news_api,hollywoodreporter.com,2,0.05,0.09
news_api,htxt.co.za,2,0.05,0.09
news_api,hurriyetdailynews.com,2,0.05,0.09
news_api,ianslive.in,2,0.05,0.09
news_api,index.hr,2,0.05,0.09
news_api,inews24.com,2,0.05,0.09
news_api,inforum.com,2,0.05,0.09
news_api,infoworld.com,2,0.05,0.09
news_api,insideottawavalley.com,2,0.05,0.09
news_api,insight.co.kr,2,0.05,0.09
news_api,insurancejournal.com,2,0.05,0.09
news_api,investegate.co.uk,2,0.05,0.09
news_api,irishdentist.ie,2,0.05,0.09
news_api,itwire.com,2,0.05,0.09
news_api,iz.ru,2,0.05,0.09
news_api,jawapos.com,2,0.05,0.09
news_api,jpost.com,2,0.05,0.09
news_api,jugantor.com,2,0.05,0.09
news_api,kathimerini.com.cy,2,0.05,0.09
news_api,kommersant.ru,2,0.05,0.09
news_api,koreatimes.com,2,0.05,0.09
news_api,kten.com,2,0.05,0.09
news_api,lalsace.fr,2,0.05,0.09
news_api,lbc.co.uk,2,0.05,0.09
news_api,ledauphine.com,2,0.05,0.09
news_api,lefigaro.fr,2,0.05,0.09
news_api,lelezard.com,2,0.05,0.09
news_api,lenta.ru,2,0.05,0.09
news_api,libnanews.com,2,0.05,0.09
news_api,life.ru,2,0.05,0.09
news_api,livehindustan.com,2,0.05,0.09
news_api,livenews.co.nz,2,0.05,0.09
news_api,lrytas.lt,2,0.05,0.09
news_api,macleayargus.com.au,2,0.05,0.09
news_api,makeuseof.com,2,0.05,0.09
news_api,marca.com,2,0.05,0.09
news_api,mariettatimes.com,2,0.05,0.09
news_api,mashable.com,2,0.05,0.09
news_api,massachusettssun.com,2,0.05,0.09
news_api,medianama.com,2,0.05,0.09
news_api,mersinhaber.com,2,0.05,0.09
news_api,messengernewspapers.co.uk,2,0.05,0.09
news_api,military.china.com,2,0.05,0.09
news_api,morningstar.com,2,0.05,0.09
news_api,naftemporiki.gr,2,0.05,0.09
news_api,newratings.de,2,0.05,0.09
news_api,news.cn,2,0.05,0.09
news_api,news.mail.ru,2,0.05,0.09
news_api,newtalk.tw,2,0.05,0.09
news_api,nikkan-gendai.com,2,0.05,0.09
news_api,nikkei.com,2,0.05,0.09
news_api,ntdtv.com,2,0.05,0.09
news_api,nuevodiarioweb.com.ar,2,0.05,0.09
news_api,nvi.com.au,2,0.05,0.09
news_api,ohmynews.com,2,0.05,0.09
news_api,pcwplus.hu,2,0.05,0.09
news_api,phonandroid.com,2,0.05,0.09
news_api,politika.rs,2,0.05,0.09
news_api,posta.com.tr,2,0.05,0.09
news_api,pravda.ru,2,0.05,0.09
news_api,prensalibre.com,2,0.05,0.09
news_api,presstv.ir,2,0.05,0.09
news_api,prokerala.com,2,0.05,0.09
news_api,propakistani.pk,2,0.05,0.09
news_api,pv-magazine.com,2,0.05,0.09
news_api,pymnts.com,2,0.05,0.09
news_api,rappler.com,2,0.05,0.09
news_api,rediff.com,2,0.05,0.09
news_api,riasv.ru,2,0.05,0.09
news_api,sanantoniopost.com,2,0.05,0.09
news_api,sankei.com,2,0.05,0.09
news_api,sb.by,2,0.05,0.09
news_api,securitybrief.news,2,0.05,0.09
news_api,securityinfowatch.com,2,0.05,0.09
news_api,segye.com,2,0.05,0.09
news_api,senego.com,2,0.05,0.09
news_api,sentinel.ht,2,0.05,0.09
news_api,sgvtribune.com,2,0.05,0.09
news_api,sozcu.com.tr,2,0.05,0.09
news_api,stcn.com,2,0.05,0.09
news_api,storm.mg,2,0.05,0.09
news_api,sudanile.com,2,0.05,0.09
news_api,t-online.de,2,0.05,0.09
news_api,tech.caijing.com.cn,2,0.05,0.09
news_api,tech.ifeng.com,2,0.05,0.09
news_api,techweez.com,2,0.05,0.09
news_api,tennesseedaily.com,2,0.05,0.09
news_api,tgrthaber.com,2,0.05,0.09
news_api,theguardian.com,2,0.05,0.09
news_api,thehindu.com,2,0.05,0.09
news_api,thereporterethiopia.com,2,0.05,0.09
news_api,thisdaylive.com,2,0.05,0.09
news_api,timeslive.co.za,2,0.05,0.09
news_api,tmtpost.com,2,0.05,0.09
news_api,townhall.com,2,0.05,0.09
news_api,tribune.net.ph,2,0.05,0.09
news_api,turktime.com,2,0.05,0.09
news_api,uainfo.org,2,0.05,0.09
news_api,udn.com,2,0.05,0.09
news_api,unn.ua,2,0.05,0.09
news_api,unternehmen-heute.de,2,0.05,0.09
news_api,vedomosti.ru,2,0.05,0.09
news_api,vesti.ru,2,0.05,0.09
news_api,vg.no,2,0.05,0.09
news_api,wdrb.com,2,0.05,0.09
news_api,webpronews.com,2,0.05,0.09
news_api,welivesecurity.com,2,0.05,0.09
news_api,weser-kurier.de,2,0.05,0.09
news_api,wfmz.com,2,0.05,0.09
news_api,wiwo.de,2,0.05,0.09
news_api,wsbtv.com,2,0.05,0.09
news_api,wwmt.com,2,0.05,0.09
news_api,wzzm13.com,2,0.05,0.09
news_api,y-mainichi.co.jp,2,0.05,0.09
news_api,yorkregion.com,2,0.05,0.09
news_api,ziare.com,2,0.05,0.09
news_api,zonebourse.com,2,0.05,0.09
news_api,01net.com,1,0.02,0.05
news_api,1015vibe.com,1,0.02,0.05
news_api,1055thedove.com,1,0.02,0.05
news_api,10tv.com,1,0.02,0.05
news_api,13abc.com,1,0.02,0.05
news_api,21stcenturywire.com,1,0.02,0.05
news_api,24sata.hr,1,0.02,0.05
news_api,24tv.ua,1,0.02,0.05
news_api,373news.com,1,0.02,0.05
news_api,3c.ltn.com.tw,1,0.02,0.05
news_api,5.ua,1,0.02,0.05
news_api,5newsonline.com,1,0.02,0.05
news_api,620ckrm.com,1,0.02,0.05
news_api,961theeagle.com,1,0.02,0.05
news_api,985thefox.iheart.com,1,0.02,0.05
news_api,995thefox.iheart.com,1,0.02,0.05
news_api,99jamzmiami.com,1,0.02,0.05
news_api,9news.com.au,1,0.02,0.05
news_api,abc6onyourside.com,1,0.02,0.05
news_api,abc7news.com,1,0.02,0.05
news_api,abclinuxu.cz,1,0.02,0.05
news_api,actionnewsjax.com,1,0.02,0.05
news_api,adevarul.ro,1,0.02,0.05
news_api,adgully.com,1,0.02,0.05
news_api,administradores.com.br,1,0.02,0.05
news_api,afr.com,1,0.02,0.05
news_api,ahaber.com.tr,1,0.02,0.05
news_api,ai.zol.com.cn,1,0.02,0.05
news_api,aif.ru,1,0.02,0.05
news_api,akhbarelyom.com,1,0.02,0.05
news_api,aktifhaber.com,1,0.02,0.05
news_api,aktivni.metropolitan.si,1,0.02,0.05
news_api,al-monitor.com,1,0.02,0.05
news_api,alahalygate.com,1,0.02,0.05
news_api,alanbatnews.net,1,0.02,0.05
news_api,alaskasnewssource.com,1,0.02,0.05
news_api,albiladpress.com,1,0.02,0.05
news_api,aliran.com,1,0.02,0.05
news_api,aljazeera.com,1,0.02,0.05
news_api,aljazeera.net,1,0.02,0.05
news_api,alo.rs,1,0.02,0.05
news_api,am1150.ca,1,0.02,0.05
news_api,anbariloche.com.ar,1,0.02,0.05
news_api,anf-news.com,1,0.02,0.05
news_api,antena3.com,1,0.02,0.05
news_api,antena3.ro,1,0.02,0.05
news_api,antimafiaduemila.com,1,0.02,0.05
news_api,antivirus-sniper.macupdate.com,1,0.02,0.05
news_api,ara.cat,1,0.02,0.05
news_api,arabherald.com,1,0.02,0.05
news_api,arede.info,1,0.02,0.05
news_api,aristeguinoticias.com,1,0.02,0.05
news_api,armenews.com,1,0.02,0.05
news_api,armidaleexpress.com.au,1,0.02,0.05
news_api,asahi.com,1,0.02,0.05
news_api,asianews.it,1,0.02,0.05
news_api,aspentimes.com,1,0.02,0.05
news_api,astroawani.com,1,0.02,0.05
news_api,athina984.gr,1,0.02,0.05
news_api,austinchronicle.com,1,0.02,0.05
news_api,austinglobe.com,1,0.02,0.05
news_api,autoexpress.co.uk,1,0.02,0.05
news_api,avn.info.ve,1,0.02,0.05
news_api,az-online.de,1,0.02,0.05
news_api,b985.com,1,0.02,0.05
news_api,balkanweb.com,1,0.02,0.05
news_api,bamada.net,1,0.02,0.05
news_api,bandaancha.eu,1,0.02,0.05
news_api,bangkokbiznews.com,1,0.02,0.05
news_api,bangkokpost.com,1,0.02,0.05
news_api,banglanews24.today,1,0.02,0.05
news_api,bangordailynews.com,1,0.02,0.05
news_api,bankier.pl,1,0.02,0.05
news_api,batam.tribunnews.com,1,0.02,0.05
news_api,batemansbaypost.com.au,1,0.02,0.05
news_api,batonrougepost.com,1,0.02,0.05
news_api,bbc.com,1,0.02,0.05
news_api,beckershospitalreview.com,1,0.02,0.05
news_api,berliner-zeitung.de,1,0.02,0.05
news_api,bernerzeitung.ch,1,0.02,0.05
news_api,bfmtv.com,1,0.02,0.05
news_api,bgonair.bg,1,0.02,0.05
news_api,bgr.com,1,0.02,0.05
news_api,bhaskar.com,1,0.02,0.05
news_api,bianet.org,1,0.02,0.05
news_api,bignewsnetwork.com,1,0.02,0.05
news_api,bigpara.hurriyet.com.tr,1,0.02,0.05
news_api,birminghamstar.com,1,0.02,0.05
news_api,biz.cnews.ru,1,0.02,0.05
news_api,bj.xinhuanet.com,1,0.02,0.05
news_api,blackseanews.net,1,0.02,0.05
news_api,blikk.hu,1,0.02,0.05
news_api,blog.wenxuecity.com,1,0.02,0.05
news_api,blogs.diariovasco.com,1,0.02,0.05
news_api,blogs.itmedia.co.jp,1,0.02,0.05
news_api,bloodhorse.com,1,0.02,0.05
news_api,bloomberght.com,1,0.02,0.05
news_api,bluemountainsgazette.com.au,1,0.02,0.05
news_api,blueprint.ng,1,0.02,0.05
news_api,bmmagazine.co.uk,1,0.02,0.05
news_api,bollywoodlife.com,1,0.02,0.05
news_api,bolognatoday.it,1,0.02,0.05
news_api,book.asahi.com,1,0.02,0.05
news_api,borsonline.hu,1,0.02,0.05
news_api,bostonherald.com,1,0.02,0.05
news_api,botasot.info,1,0.02,0.05
news_api,bozemandailychronicle.com,1,0.02,0.05
news_api,braidwoodtimes.com.au,1,0.02,0.05
news_api,brandonsun.com,1,0.02,0.05
news_api,brasil247.com,1,0.02,0.05
news_api,breitbart.com,1,0.02,0.05
news_api,bresciaoggi.it,1,0.02,0.05
news_api,brisbanetimes.com.au,1,0.02,0.05
news_api,brooklyneagle.com,1,0.02,0.05
news_api,bt.no,1,0.02,0.05
news_api,buffalobulletin.com,1,0.02,0.05
news_api,bug.hr,1,0.02,0.05
news_api,burgundywave.com,1,0.02,0.05
news_api,bursadabugun.com,1,0.02,0.05
news_api,bursahakimiyet.com.tr,1,0.02,0.05
news_api,burytimes.co.uk,1,0.02,0.05
news_api,business2community.com,1,0.02,0.05
news_api,businessinsurance.com,1,0.02,0.05
news_api,businesstimes.com.sg,1,0.02,0.05
news_api,businesstoday.in,1,0.02,0.05
news_api,businessworld.in,1,0.02,0.05
news_api,c101.iheart.com,1,0.02,0.05
news_api,cafebiz.vn,1,0.02,0.05
news_api,californiatelegraph.com,1,0.02,0.05
news_api,cambridgetimes.ca,1,0.02,0.05
news_api,camdencourier.com.au,1,0.02,0.05
news_api,canal26.com,1,0.02,0.05
news_api,canardpc.com,1,0.02,0.05
news_api,carolinajournal.com,1,0.02,0.05
news_api,cas.sk,1,0.02,0.05
news_api,catanzaroinforma.it,1,0.02,0.05
news_api,cbs2iowa.com,1,0.02,0.05
news_api,cbs6albany.com,1,0.02,0.05
news_api,cepro.com,1,0.02,0.05
news_api,cfi.net.cn,1,0.02,0.05
news_api,channelbuzz.ca,1,0.02,0.05
news_api,chattanoogan.com,1,0.02,0.05
news_api,china.com.cn,1,0.02,0.05
news_api,chinanationalnews.com,1,0.02,0.05
news_api,chinapress.com.my,1,0.02,0.05
news_api,chinesepress.com,1,0.02,0.05
news_api,chip.de,1,0.02,0.05
news_api,choice.com.au,1,0.02,0.05
news_api,cincinnatisun.com,1,0.02,0.05
news_api,circleid.com,1,0.02,0.05
news_api,citylimits.org,1,0.02,0.05
news_api,ciudadccs.info,1,0.02,0.05
news_api,cjme.com,1,0.02,0.05
news_api,clactonandfrintongazette.co.uk,1,0.02,0.05
news_api,clarin.com,1,0.02,0.05
news_api,closermag.fr,1,0.02,0.05
news_api,clydebankpost.co.uk,1,0.02,0.05
news_api,cnet.com,1,0.02,0.05
news_api,cnn.com,1,0.02,0.05
news_api,cnycentral.com,1,0.02,0.05
news_api,coloradostar.com,1,0.02,0.05
news_api,comingsoon.it,1,0.02,0.05
news_api,computerwoche.de,1,0.02,0.05
news_api,computerworld.dk,1,0.02,0.05
news_api,computerworld.pl,1,0.02,0.05
news_api,contractormag.com,1,0.02,0.05
news_api,cootamundraherald.com.au,1,0.02,0.05
news_api,cope.es,1,0.02,0.05
news_api,corp.cnews.ru,1,0.02,0.05
news_api,correiodopovo.com.br,1,0.02,0.05
news_api,corriereadriatico.it,1,0.02,0.05
news_api,countercurrents.org,1,0.02,0.05
news_api,cp24.com,1,0.02,0.05
news_api,cqnews.net,1,0.02,0.05
news_api,crestonnews.com,1,0.02,0.05
news_api,crookwellgazette.com.au,1,0.02,0.05
news_api,cyprus-mail.com,1,0.02,0.05
news_api,dagensps.se,1,0.02,0.05
news_api,daily-tribune.com,1,0.02,0.05
news_api,dailyadvertiser.com.au,1,0.02,0.05
news_api,dailybulletin.com,1,0.02,0.05
news_api,dailyexcelsior.com,1,0.02,0.05
news_api,dailyjournalonline.com,1,0.02,0.05
news_api,dailymail.co.uk,1,0.02,0.05
news_api,dailymail.com,1,0.02,0.05
news_api,dailypakistan.pk,1,0.02,0.05
news_api,dailypioneer.com,1,0.02,0.05
news_api,dailypolitical.com,1,0.02,0.05
news_api,dailypost.ng,1,0.02,0.05
news_api,dailysabah.com,1,0.02,0.05
news_api,dailytrust.com,1,0.02,0.05
news_api,dailyuw.com,1,0.02,0.05
news_api,dakotawarcollege.com,1,0.02,0.05
news_api,damernasvarld.expressen.se,1,0.02,0.05
news_api,dantri.com.vn,1,0.02,0.05
news_api,datacenterknowledge.com,1,0.02,0.05
news_api,daytondailynews.com,1,0.02,0.05
news_api,dcvelocity.com,1,0.02,0.05
news_api,de.nachrichten.yahoo.com,1,0.02,0.05
news_api,denizlihaber.com,1,0.02,0.05
news_api,deperu.com,1,0.02,0.05
news_api,designboom.com,1,0.02,0.05
news_api,dglobe.com,1,0.02,0.05
news_api,dha.com.tr,1,0.02,0.05
news_api,dialogos.com.cy,1,0.02,0.05
news_api,diario.mx,1,0.02,0.05
news_api,diariodeburgos.es,1,0.02,0.05
news_api,diariodemorelos.com,1,0.02,0.05
news_api,diarioelargentino.com,1,0.02,0.05
news_api,diariopalentino.es,1,0.02,0.05
news_api,diariosigloxxi.com,1,0.02,0.05
news_api,diena.lt,1,0.02,0.05
news_api,digg.com,1,0.02,0.05
news_api,digi.china.com,1,0.02,0.05
news_api,digi24.ro,1,0.02,0.05
news_api,digit.in,1,0.02,0.05
news_api,digitaltrends.com,1,0.02,0.05
news_api,directionsmag.com,1,0.02,0.05
news_api,diumenge.ara.cat,1,0.02,0.05
news_api,divyamarathi.bhaskar.com,1,0.02,0.05
news_api,diyarbakirsoz.com,1,0.02,0.05
news_api,dna.fr,1,0.02,0.05
news_api,dnes.bg,1,0.02,0.05
news_api,dnews.gr,1,0.02,0.05
news_api,dogruhaber.com.tr,1,0.02,0.05
news_api,dol.com.br,1,0.02,0.05
news_api,dominicanrepublicpost.com,1,0.02,0.05
news_api,donanimhaber.com,1,0.02,0.05
news_api,donews.com,1,0.02,0.05
news_api,dotekomanie.cz,1,0.02,0.05
news_api,downtoearth.org.in,1,0.02,0.05
news_api,dp.ru,1,0.02,0.05
news_api,drimble.nl,1,0.02,0.05
news_api,dunya.com,1,0.02,0.05
news_api,dunyanews.tv,1,0.02,0.05
news_api,dw.com,1,0.02,0.05
news_api,dynamicbusiness.com,1,0.02,0.05
news_api,e.dennikn.sk,1,0.02,0.05
news_api,eadt.co.uk,1,0.02,0.05
news_api,eagledayton.com,1,0.02,0.05
news_api,eaglesanantonio.com,1,0.02,0.05
news_api,ec.ltn.com.tw,1,0.02,0.05
news_api,echopress.com,1,0.02,0.05
news_api,economx.hu,1,0.02,0.05
news_api,econotimes.com,1,0.02,0.05
news_api,edition.cnn.com,1,0.02,0.05
news_api,eejournal.com,1,0.02,0.05
news_api,eenadu.net,1,0.02,0.05
news_api,egyptindependent.com,1,0.02,0.05
news_api,elcomercio.es,1,0.02,0.05
news_api,elconfidencial.com,1,0.02,0.05
news_api,elcorreo.com,1,0.02,0.05
news_api,elcorreodeburgos.com,1,0.02,0.05
news_api,eldia.es,1,0.02,0.05
news_api,eldiariomontanes.es,1,0.02,0.05
news_api,eleco.com.ar,1,0.02,0.05
news_api,eleftherostypos.gr,1,0.02,0.05
news_api,elektroniknet.de,1,0.02,0.05
news_api,elmalaeb.com,1,0.02,0.05
news_api,elmundo.es,1,0.02,0.05
news_api,elpais.com.uy,1,0.02,0.05
news_api,elperiodicodearagon.com,1,0.02,0.05
news_api,elpuntavui.cat,1,0.02,0.05
news_api,eluniversal.com.mx,1,0.02,0.05
news_api,eluniverso.com,1,0.02,0.05
news_api,elvocero.com,1,0.02,0.05
news_api,elwatannews.com,1,0.02,0.05
news_api,en.dailypakistan.com.pk,1,0.02,0.05
news_api,eng.kavkaz-uzel.eu,1,0.02,0.05
news_api,english.pravda.ru,1,0.02,0.05
news_api,estadao.com.br,1,0.02,0.05
news_api,ettoday.net,1,0.02,0.05
news_api,explosion.com,1,0.02,0.05
news_api,express.pk,1,0.02,0.05
news_api,extra.ec,1,0.02,0.05
news_api,f1vilag.hu,1,0.02,0.05
news_api,f5haber.com,1,0.02,0.05
news_api,fakti.bg,1,0.02,0.05
news_api,fansided.com,1,0.02,0.05
news_api,fatimanews.com.br,1,0.02,0.05
news_api,fedpress.ru,1,0.02,0.05
news_api,femina.hu,1,0.02,0.05
news_api,ferra.ru,1,0.02,0.05
news_api,finance.ifeng.com,1,0.02,0.05
news_api,financial-news.co.uk,1,0.02,0.05
news_api,financialafrik.com,1,0.02,0.05
news_api,finans.mynet.com,1,0.02,0.05
news_api,firstpost.com,1,0.02,0.05
news_api,floridastatesman.com,1,0.02,0.05
news_api,fnp.de,1,0.02,0.05
news_api,focus.de,1,0.02,0.05
news_api,fool.ca,1,0.02,0.05
news_api,forbes.ru,1,0.02,0.05
news_api,fox17online.com,1,0.02,0.05
news_api,fox43.com,1,0.02,0.05
news_api,fox9.com,1,0.02,0.05
news_api,fr.allafrica.com,1,0.02,0.05
news_api,francetoday.com,1,0.02,0.05
news_api,freiepresse.de,1,0.02,0.05
news_api,french.china.org.cn,1,0.02,0.05
news_api,funkytaurusmedia.com,1,0.02,0.05
news_api,futures.cnfol.com,1,0.02,0.05
news_api,gadgetsmagazine.com.ph,1,0.02,0.05
news_api,gamerant.com,1,0.02,0.05
news_api,games.24tv.ua,1,0.02,0.05
news_api,gamestar.de,1,0.02,0.05
news_api,geekzone.co.nz,1,0.02,0.05
news_api,generation-nt.com,1,0.02,0.05
news_api,georgeherald.com,1,0.02,0.05
news_api,german.china.org.cn,1,0.02,0.05
news_api,ghanaiantimes.com.gh,1,0.02,0.05
news_api,gipedo.politis.com.cy,1,0.02,0.05
news_api,golosarmenii.am,1,0.02,0.05
news_api,gorod48.ru,1,0.02,0.05
news_api,governing.com,1,0.02,0.05
news_api,greekherald.com,1,0.02,0.05
news_api,greenme.it,1,0.02,0.05
news_api,groundup.org.za,1,0.02,0.05
news_api,guelphmercury.com,1,0.02,0.05
news_api,gulte.com,1,0.02,0.05
news_api,gx94radio.com,1,0.02,0.05
news_api,haber.mynet.com,1,0.02,0.05
news_api,haber3.com,1,0.02,0.05
news_api,haber61.net,1,0.02,0.05
news_api,haberaktuel.com,1,0.02,0.05
news_api,haberankara.com,1,0.02,0.05
news_api,habermeydan.com,1,0.02,0.05
news_api,haberturk.com,1,0.02,0.05
news_api,haberyazar.com,1,0.02,0.05
news_api,hachettebookgroup.com,1,0.02,0.05
news_api,hackaday.com,1,0.02,0.05
news_api,hanasone.mainichi.jp,1,0.02,0.05
news_api,handelsblatt.com,1,0.02,0.05
news_api,hani.co.kr,1,0.02,0.05
news_api,hartvannederland.nl,1,0.02,0.05
news_api,hawaiinewsnow.com,1,0.02,0.05
news_api,hbook.com,1,0.02,0.05
news_api,healthcareitnews.com,1,0.02,0.05
news_api,helpconsumatori.it,1,0.02,0.05
news_api,heraldscotland.com,1,0.02,0.05
news_api,hespress.com,1,0.02,0.05
news_api,heute.at,1,0.02,0.05
news_api,hindi.moneycontrol.com,1,0.02,0.05
news_api,hirek.prim.hu,1,0.02,0.05
news_api,hits1053sanantonio.com,1,0.02,0.05
news_api,hits973.com,1,0.02,0.05
news_api,hokkoku.co.jp,1,0.02,0.05
news_api,hometownstation.com,1,0.02,0.05
news_api,howtogeek.com,1,0.02,0.05
news_api,hoy.es,1,0.02,0.05
news_api,hydrocarbonprocessing.com,1,0.02,0.05
news_api,ibtimes.co.uk,1,0.02,0.05
news_api,ici.fr,1,0.02,0.05
news_api,icij.org,1,0.02,0.05
news_api,idiva.com,1,0.02,0.05
news_api,idnes.cz,1,0.02,0.05
news_api,idrw.org,1,0.02,0.05
news_api,ifj.org,1,0.02,0.05
news_api,igamingbusiness.com,1,0.02,0.05
news_api,ihalla.com,1,0.02,0.05
news_api,illawarramercury.com.au,1,0.02,0.05
news_api,ilsimplicissimus2.com,1,0.02,0.05
news_api,independent.co.uk,1,0.02,0.05
news_api,index.hu,1,0.02,0.05
news_api,india.com,1,0.02,0.05
news_api,indiagazette.com,1,0.02,0.05
news_api,indianexpress.com,1,0.02,0.05
news_api,indiatvnews.com,1,0.02,0.05
news_api,infobae.com,1,0.02,0.05
news_api,informationweek.com,1,0.02,0.05
news_api,infotechlead.com,1,0.02,0.05
news_api,inosmi.ru,1,0.02,0.05
news_api,inquirer.com,1,0.02,0.05
news_api,insidephilanthropy.com,1,0.02,0.05
news_api,insidermonkey.com,1,0.02,0.05
news_api,insight.scmagazineuk.com,1,0.02,0.05
news_api,interaksyon.philstar.com,1,0.02,0.05
news_api,internasional.kompas.com,1,0.02,0.05
news_api,internetua.com,1,0.02,0.05
news_api,inverelltimes.com.au,1,0.02,0.05
news_api,investorplace.com,1,0.02,0.05
news_api,inwestycje.pl,1,0.02,0.05
news_api,iphoneaddict.fr,1,0.02,0.05
news_api,iraqsun.com,1,0.02,0.05
news_api,irishsun.com,1,0.02,0.05
news_api,irishtimes.com,1,0.02,0.05
news_api,island.lk,1,0.02,0.05
news_api,israelherald.com,1,0.02,0.05
news_api,it.euronews.com,1,0.02,0.05
news_api,itbrief.news,1,0.02,0.05
news_api,itnewsafrica.com,1,0.02,0.05
news_api,ivpressonline.com,1,0.02,0.05
news_api,j-cast.com,1,0.02,0.05
news_api,jabar.tribunnews.com,1,0.02,0.05
news_api,jagranjosh.com,1,0.02,0.05
news_api,jamaicaobserver.com,1,0.02,0.05
news_api,jamestown.org,1,0.02,0.05
news_api,japan.cnet.com,1,0.02,0.05
news_api,japanherald.com,1,0.02,0.05
news_api,jc.uol.com.br,1,0.02,0.05
news_api,jeuneafrique.com,1,0.02,0.05
news_api,jhm.fr,1,0.02,0.05
news_api,jiji.com,1,0.02,0.05
news_api,jo24.net,1,0.02,0.05
news_api,jogja.tribunnews.com,1,0.02,0.05
news_api,jogjapolitan.harianjogja.com,1,0.02,0.05
news_api,journal-news.com,1,0.02,0.05
news_api,journaldugeek.com,1,0.02,0.05
news_api,journaldunet.com,1,0.02,0.05
news_api,journalgazette.net,1,0.02,0.05
news_api,jowhar.com,1,0.02,0.05
news_api,jpnn.com,1,0.02,0.05
news_api,juneesoutherncross.com.au,1,0.02,0.05
news_api,jurnalul.ro,1,0.02,0.05
news_api,k991fm.com,1,0.02,0.05
news_api,kamuajans.com,1,0.02,0.05
news_api,kannadaprabha.com,1,0.02,0.05
news_api,kaos911.com,1,0.02,0.05
news_api,kath.net,1,0.02,0.05
news_api,katu.com,1,0.02,0.05
news_api,kazokuchannel.doorblog.jp,1,0.02,0.05
news_api,kcci.com,1,0.02,0.05
news_api,kesq.com,1,0.02,0.05
news_api,king5.com,1,0.02,0.05
news_api,kingfm.com,1,0.02,0.05
news_api,kiplinger.com,1,0.02,0.05
news_api,kiro7.com,1,0.02,0.05
news_api,kissrocks.com,1,0.02,0.05
news_api,kitabat.com,1,0.02,0.05
news_api,kjzz.org,1,0.02,0.05
news_api,kmbc.com,1,0.02,0.05
news_api,ko.com.ua,1,0.02,0.05
news_api,kob.com,1,0.02,0.05
news_api,kocaeligazetesi.com.tr,1,0.02,0.05
news_api,koco.com,1,0.02,0.05
news_api,kono1011.com,1,0.02,0.05
news_api,kontrakty.ua,1,0.02,0.05
news_api,koreatimes.co.kr,1,0.02,0.05
news_api,kotaku.com,1,0.02,0.05
news_api,kristv.com,1,0.02,0.05
news_api,ktvl.com,1,0.02,0.05
news_api,ktvu.com,1,0.02,0.05
news_api,kwcdcountry.com,1,0.02,0.05
news_api,kyivpost.com,1,0.02,0.05
news_api,kztv10.com,1,0.02,0.05
news_api,labs.watchtowr.com,1,0.02,0.05
news_api,lafranceagricole.fr,1,0.02,0.05
news_api,lagacetadesalamanca.es,1,0.02,0.05
news_api,lakersnation.com,1,0.02,0.05
news_api,laleggepertutti.it,1,0.02,0.05
news_api,lancashiretelegraph.co.uk,1,0.02,0.05
news_api,laosnews.net,1,0.02,0.05
news_api,laprovence.com,1,0.02,0.05
news_api,laprovincia.es,1,0.02,0.05
news_api,larazon.es,1,0.02,0.05
news_api,larepublica.pe,1,0.02,0.05
news_api,larepubliquedespyrenees.fr,1,0.02,0.05
news_api,latele.ch,1,0.02,0.05
news_api,latimes.com,1,0.02,0.05
news_api,laut.de,1,0.02,0.05
news_api,lavozdegalicia.es,1,0.02,0.05
news_api,lb.ua,1,0.02,0.05
news_api,legalinsurrection.com,1,0.02,0.05
news_api,leiphone.com,1,0.02,0.05
news_api,lejsl.com,1,0.02,0.05
news_api,lematin.ma,1,0.02,0.05
news_api,lesmobiles.com,1,0.02,0.05
news_api,lewrockwell.com,1,0.02,0.05
news_api,lexpress.fr,1,0.02,0.05
news_api,lgz.ru,1,0.02,0.05
news_api,liberta.it,1,0.02,0.05
news_api,ligaportal.at,1,0.02,0.05
news_api,lina.sh,1,0.02,0.05
news_api,linux.org.ru,1,0.02,0.05
news_api,liputan6.com,1,0.02,0.05
news_api,lite987.com,1,0.02,0.05
news_api,lithgowmercury.com.au,1,0.02,0.05
news_api,livelaw.in,1,0.02,0.05
news_api,livemint.com,1,0.02,0.05
news_api,local12.com,1,0.02,0.05
news_api,localnews8.com,1,0.02,0.05
news_api,loksatta.com,1,0.02,0.05
news_api,londonlovesbusiness.com,1,0.02,0.05
news_api,londonmercury.com,1,0.02,0.05
news_api,ly.fjsen.com,1,0.02,0.05
news_api,mactech.com,1,0.02,0.05
news_api,magic1021.com,1,0.02,0.05
news_api,maharashtratimes.com,1,0.02,0.05
news_api,makaangola.org,1,0.02,0.05
news_api,makassar.tribunnews.com,1,0.02,0.05
news_api,maldonandburnhamstandard.co.uk,1,0.02,0.05
news_api,mandurahmail.com.au,1,0.02,0.05
news_api,manningrivertimes.com.au,1,0.02,0.05
news_api,marketintelligencecenter.com,1,0.02,0.05
news_api,mathrubhumi.com,1,0.02,0.05
news_api,mdjonline.com,1,0.02,0.05
news_api,mebpersonel.com,1,0.02,0.05
news_api,megamodo.com,1,0.02,0.05
news_api,memeburn.com,1,0.02,0.05
news_api,mensxp.com,1,0.02,0.05
news_api,merdeka.com,1,0.02,0.05
news_api,meridiano.net,1,0.02,0.05
news_api,merkur.de,1,0.02,0.05
news_api,metronews.ru,1,0.02,0.05
news_api,metroseoul.co.kr,1,0.02,0.05
news_api,michigandaily.com,1,0.02,0.05
news_api,midmichigannow.com,1,0.02,0.05
news_api,mirrorspectator.com,1,0.02,0.05
news_api,mississauga.com,1,0.02,0.05
news_api,mittelstandcafe.de,1,0.02,0.05
news_api,mix941kmxj.com,1,0.02,0.05
news_api,mk.ru,1,0.02,0.05
news_api,mngz.ru,1,0.02,0.05
news_api,mobile.zol.com.cn,1,0.02,0.05
news_api,mobileidworld.com,1,0.02,0.05
news_api,mochimag.com,1,0.02,0.05
news_api,money.it,1,0.02,0.05
news_api,monocle.com,1,0.02,0.05
news_api,montereyherald.com,1,0.02,0.05
news_api,mopo.de,1,0.02,0.05
news_api,mp.cnfol.com,1,0.02,0.05
news_api,mpacorn.com,1,0.02,0.05
news_api,mskagency.ru,1,0.02,0.05
news_api,mudgeeguardian.com.au,1,0.02,0.05
news_api,mundiario.com,1,0.02,0.05
news_api,mundoenlinea.cl,1,0.02,0.05
news_api,myanmarnews.net,1,0.02,0.05
news_api,myhostnews.com,1,0.02,0.05
news_api,mymagic949.com,1,0.02,0.05
news_api,mynews4.com,1,0.02,0.05
news_api,n-tv.de,1,0.02,0.05
news_api,nagpurtoday.in,1,0.02,0.05
news_api,nashvilleherald.com,1,0.02,0.05
news_api,nationalmortgagenews.com,1,0.02,0.05
news_api,navbharattimes.indiatimes.com,1,0.02,0.05
news_api,navhindtimes.in,1,0.02,0.05
news_api,nbcmontana.com,1,0.02,0.05
news_api,nbcwashington.com,1,0.02,0.05
news_api,nbd.com.cn,1,0.02,0.05
news_api,nearshoreamericas.com,1,0.02,0.05
news_api,net.hr,1,0.02,0.05
news_api,netzwelt.de,1,0.02,0.05
news_api,newcastleherald.com.au,1,0.02,0.05
news_api,neworleanssun.com,1,0.02,0.05
news_api,newrepublic.com,1,0.02,0.05
news_api,news.china.com.cn,1,0.02,0.05
news_api,news.cnfol.com,1,0.02,0.05
news_api,news.cts.com.tw,1,0.02,0.05
news_api,news.cyol.com,1,0.02,0.05
news_api,news.ltn.com.tw,1,0.02,0.05
news_api,news.tuoitre.vn,1,0.02,0.05
news_api,news.ycwb.com,1,0.02,0.05
news_api,news3lv.com,1,0.02,0.05
news_api,news8000.com,1,0.02,0.05
news_api,newsbomb.gr,1,0.02,0.05
news_api,newsday.co.zw,1,0.02,0.05
news_api,newsit.gr,1,0.02,0.05
news_api,newsitaliane.it,1,0.02,0.05
news_api,newsminer.com,1,0.02,0.05
news_api,newsnet5.com,1,0.02,0.05
news_api,newsprom.ru,1,0.02,0.05
news_api,newstribune.com,1,0.02,0.05
news_api,newsweek.com,1,0.02,0.05
news_api,newsx.com,1,0.02,0.05
news_api,newyorkstatesman.com,1,0.02,0.05
news_api,niagarathisweek.com,1,0.02,0.05
news_api,nieuws.nl,1,0.02,0.05
news_api,niezalezna.pl,1,0.02,0.05
news_api,nigerianobservernews.com,1,0.02,0.05
news_api,nikkan.co.jp,1,0.02,0.05
news_api,nile.eg,1,0.02,0.05
news_api,nin.rs,1,0.02,0.05
news_api,ninersnation.com,1,0.02,0.05
news_api,nj.com,1,0.02,0.05
news_api,norran.se,1,0.02,0.05
news_api,northcountrynow.com,1,0.02,0.05
news_api,northerndailyleader.com.au,1,0.02,0.05
news_api,northweststar.com.au,1,0.02,0.05
news_api,notimerica.com,1,0.02,0.05
news_api,noviny.sk,1,0.02,0.05
news_api,nrc.nl,1,0.02,0.05
news_api,ntv.com.tr,1,0.02,0.05
news_api,nwaonline.com,1,0.02,0.05
news_api,objectiv.tv,1,0.02,0.05
news_api,ocregister.com,1,0.02,0.05
news_api,ohiostandard.com,1,0.02,0.05
news_api,okaz.com.sa,1,0.02,0.05
news_api,oklahomastar.com,1,0.02,0.05
news_api,ondacero.es,1,0.02,0.05
news_api,op-online.de,1,0.02,0.05
news_api,openpr.com,1,0.02,0.05
news_api,ostro.org,1,0.02,0.05
news_api,ottawacitizen.com,1,0.02,0.05
news_api,ozgurkocaeli.com.tr,1,0.02,0.05
news_api,pakistantelegraph.com,1,0.02,0.05
news_api,panorama.com.al,1,0.02,0.05
news_api,pastemagazine.com,1,0.02,0.05
news_api,paymentweek.com,1,0.02,0.05
news_api,pcchip.hr,1,0.02,0.05
news_api,pctechmag.com,1,0.02,0.05
news_api,pcwelt.de,1,0.02,0.05
news_api,philenews.com,1,0.02,0.05
news_api,photo.china.com.cn,1,0.02,0.05
news_api,pitchfork.com,1,0.02,0.05
news_api,piter.tv,1,0.02,0.05
news_api,pjmedia.com,1,0.02,0.05
news_api,placenorthwest.co.uk,1,0.02,0.05
news_api,playground.ru,1,0.02,0.05
news_api,pleinevie.fr,1,0.02,0.05
news_api,pln-pskov.ru,1,0.02,0.05
news_api,podrobnosti.ua,1,0.02,0.05
news_api,polygon.com,1,0.02,0.05
news_api,pontianak.tribunnews.com,1,0.02,0.05
news_api,portalsamorzadowy.pl,1,0.02,0.05
news_api,portnews.com.au,1,0.02,0.05
news_api,postandcourier.com,1,0.02,0.05
news_api,posttoday.com,1,0.02,0.05
news_api,powerorlando.com,1,0.02,0.05
news_api,pr.com,1,0.02,0.05
news_api,pratahkal.com,1,0.02,0.05
news_api,press24.mk,1,0.02,0.05
news_api,pressdemocrat.com,1,0.02,0.05
news_api,presse-citron.net,1,0.02,0.05
news_api,pressian.com,1,0.02,0.05
news_api,presstelegram.com,1,0.02,0.05
news_api,primerafuente.com.ar,1,0.02,0.05
news_api,profitline.hu,1,0.02,0.05
news_api,pronto.com.ar,1,0.02,0.05
news_api,publico.pt,1,0.02,0.05
news_api,punjabitribuneonline.com,1,0.02,0.05
news_api,q947fm.iheart.com,1,0.02,0.05
news_api,quadratin.com.mx,1,0.02,0.05
news_api,quotidianodipuglia.it,1,0.02,0.05
news_api,qzwb.com,1,0.02,0.05
news_api,racismoambiental.net.br,1,0.02,0.05
news_api,radikal.com.tr,1,0.02,0.05
news_api,radiofrance.fr,1,0.02,0.05
news_api,radiopolar.com,1,0.02,0.05
news_api,radioseoul1650.com,1,0.02,0.05
news_api,radiotamazuj.org,1,0.02,0.05
news_api,ratopati.com,1,0.02,0.05
news_api,realitatea.net,1,0.02,0.05
news_api,redlandsdailyfacts.com,1,0.02,0.05
news_api,regions.ru,1,0.02,0.05
news_api,reporterdiario.com.br,1,0.02,0.05
news_api,reporterherald.com,1,0.02,0.05
news_api,republicain-lorrain.fr,1,0.02,0.05
news_api,republikein.com.na,1,0.02,0.05
news_api,riotimesonline.com,1,0.02,0.05
news_api,risky.biz,1,0.02,0.05
news_api,rnz.co.nz,1,0.02,0.05
news_api,rock1067.iheart.com,1,0.02,0.05
news_api,rocketerie.iheart.com,1,0.02,0.05
news_api,rodiaki.gr,1,0.02,0.05
news_api,romaniatv.net,1,0.02,0.05
news_api,rstreet.org,1,0.02,0.05
news_api,rte.ie,1,0.02,0.05
news_api,rtl.nl,1,0.02,0.05
news_api,rtv.rs,1,0.02,0.05
news_api,rtvutrecht.nl,1,0.02,0.05
news_api,ruhrnachrichten.de,1,0.02,0.05
news_api,russiaherald.com,1,0.02,0.05
news_api,ruthfullyyours.com,1,0.02,0.05
news_api,ryt9.com,1,0.02,0.05
news_api,saltlakecitysun.com,1,0.02,0.05
news_api,saltwire.com,1,0.02,0.05
news_api,salzburg24.at,1,0.02,0.05
news_api,sana.sy,1,0.02,0.05
news_api,sandiegouniontribune.com,1,0.02,0.05
news_api,santamariatimes.com,1,0.02,0.05
news_api,sapo.pt,1,0.02,0.05
news_api,sbctv.gr,1,0.02,0.05
news_api,sbsun.com,1,0.02,0.05
news_api,sc.stock.cnfol.com,1,0.02,0.05
news_api,scdaily.com,1,0.02,0.05
news_api,scmp.com,1,0.02,0.05
news_api,scroll.in,1,0.02,0.05
news_api,sdpnoticias.com,1,0.02,0.05
news_api,seekingalpha.com,1,0.02,0.05
news_api,sentinelandenterprise.com,1,0.02,0.05
news_api,setn.com,1,0.02,0.05
news_api,sharemanthan.in,1,0.02,0.05
news_api,siliconangle.com,1,0.02,0.05
news_api,siliconrepublic.com,1,0.02,0.05
news_api,simcoe.com,1,0.02,0.05
news_api,siol.net,1,0.02,0.05
news_api,slguardian.org,1,0.02,0.05
news_api,slugmag.com,1,0.02,0.05
news_api,smh.com.au,1,0.02,0.05
news_api,sn.at,1,0.02,0.05
news_api,son.tv,1,0.02,0.05
news_api,sonara.net,1,0.02,0.05
news_api,southernhighlandnews.com.au,1,0.02,0.05
news_api,spacedaily.com,1,0.02,0.05
news_api,spartanavenue.com,1,0.02,0.05
news_api,spiegel.de,1,0.02,0.05
news_api,spokesman.com,1,0.02,0.05
news_api,srilankasource.com,1,0.02,0.05
news_api,star945.com,1,0.02,0.05
news_api,statecollege.com,1,0.02,0.05
news_api,stcatharinesstandard.ca,1,0.02,0.05
news_api,stern.de,1,0.02,0.05
news_api,stiintasitehnica.com,1,0.02,0.05
news_api,stile.it,1,0.02,0.05
news_api,stlouisstar.com,1,0.02,0.05
news_api,stock.hexun.com,1,0.02,0.05
news_api,stockbiz.vn,1,0.02,0.05
news_api,strategypage.com,1,0.02,0.05
news_api,stripes.com,1,0.02,0.05
news_api,studiob.rs,1,0.02,0.05
news_api,sud.ua,1,0.02,0.05
news_api,sueddeutsche.de,1,0.02,0.05
news_api,t-l.ru,1,0.02,0.05
news_api,t13.cl,1,0.02,0.05
news_api,t3n.de,1,0.02,0.05
news_api,tageblatt.lu,1,0.02,0.05
news_api,tagesanzeiger.ch,1,0.02,0.05
news_api,tagesschau.de,1,0.02,0.05
news_api,tagesspiegel.de,1,0.02,0.05
news_api,taiwandaily.net,1,0.02,0.05
news_api,talk.ltn.com.tw,1,0.02,0.05
news_api,talouselama.fi,1,0.02,0.05
news_api,tass.ru,1,0.02,0.05
news_api,taz.de,1,0.02,0.05
news_api,tazabek.kg,1,0.02,0.05
news_api,tech.china.com,1,0.02,0.05
news_api,techcabal.com,1,0.02,0.05
news_api,techstory.in,1,0.02,0.05
news_api,techtimes.com,1,0.02,0.05
news_api,techtudo.com.br,1,0.02,0.05
news_api,tecmundo.com.br,1,0.02,0.05
news_api,tecnoandroid.it,1,0.02,0.05
news_api,tekniikkatalous.fi,1,0.02,0.05
news_api,tercerainformacion.es,1,0.02,0.05
news_api,texasguardian.com,1,0.02,0.05
news_api,thailand-business-news.com,1,0.02,0.05
news_api,thanhnien.vn,1,0.02,0.05
news_api,the-miyanichi.co.jp,1,0.02,0.05
news_api,theage.com.au,1,0.02,0.05
news_api,thebftonline.com,1,0.02,0.05
news_api,theblaze.com,1,0.02,0.05
news_api,theboneonline.com,1,0.02,0.05
news_api,thebusinessjournal.com,1,0.02,0.05
news_api,thecable.ng,1,0.02,0.05
news_api,thecamarilloacorn.com,1,0.02,0.05
news_api,thecourier.com.au,1,0.02,0.05
news_api,thedailyworld.com,1,0.02,0.05
news_api,theeagleonline.com.ng,1,0.02,0.05
news_api,thefrontierpost.com,1,0.02,0.05
news_api,thegardenisland.com,1,0.02,0.05
news_api,thehardtackle.com,1,0.02,0.05
news_api,thehindubusinessline.com,1,0.02,0.05
news_api,theindependent.co.zw,1,0.02,0.05
news_api,theitem.com,1,0.02,0.05
news_api,thejournal.com,1,0.02,0.05
news_api,theleader.com.au,1,0.02,0.05
news_api,themissouritimes.com,1,0.02,0.05
news_api,themoscowtimes.com,1,0.02,0.05
news_api,thenational.scot,1,0.02,0.05
news_api,thepeterboroughexaminer.com,1,0.02,0.05
news_api,therecord.com,1,0.02,0.05
news_api,thespec.com,1,0.02,0.05
news_api,thestar.com.my,1,0.02,0.05
news_api,thesunchronicle.com,1,0.02,0.05
news_api,thetoc.gr,1,0.02,0.05
news_api,theverge.com,1,0.02,0.05
news_api,thirdsector.co.uk,1,0.02,0.05
news_api,thurrockgazette.co.uk,1,0.02,0.05
news_api,ticweb.es,1,0.02,0.05
news_api,timeshighereducation.com,1,0.02,0.05
news_api,timesleader.com,1,0.02,0.05
news_api,timesofsandiego.com,1,0.02,0.05
news_api,tivi.fi,1,0.02,0.05
news_api,toffeeweb.com,1,0.02,0.05
news_api,toonippo.co.jp,1,0.02,0.05
news_api,top-channel.tv,1,0.02,0.05
news_api,topics.or.jp,1,0.02,0.05
news_api,toronto.citynews.ca,1,0.02,0.05
news_api,torquenews.com,1,0.02,0.05
news_api,totaltele.com,1,0.02,0.05
news_api,townandcountrymag.com,1,0.02,0.05
news_api,travelweekly.com.au,1,0.02,0.05
news_api,troyrecord.com,1,0.02,0.05
news_api,trustedreviews.com,1,0.02,0.05
news_api,tucsonpost.com,1,0.02,0.05
news_api,tumentoday.ru,1,0.02,0.05
news_api,tuttomercatoweb.com,1,0.02,0.05
news_api,tvline.com,1,0.02,0.05
news_api,tvxs.gr,1,0.02,0.05
news_api,twincities.com,1,0.02,0.05
news_api,twz.com,1,0.02,0.05
news_api,ugandaonline.net,1,0.02,0.05
news_api,ukrinform.ua,1,0.02,0.05
news_api,understandingwar.org,1,0.02,0.05
news_api,upi.com,1,0.02,0.05
news_api,us.cnn.com,1,0.02,0.05
news_api,utilitydive.com,1,0.02,0.05
news_api,utv.ie,1,0.02,0.05
news_api,uzmanpara.milliyet.com.tr,1,0.02,0.05
news_api,vanguardia.com.mx,1,0.02,0.05
news_api,vanguardngr.com,1,0.02,0.05
news_api,vecer.com,1,0.02,0.05
news_api,vecernji.ba,1,0.02,0.05
news_api,vesti-ua.net,1,0.02,0.05
news_api,vice.com,1,0.02,0.05
news_api,vicnews.com,1,0.02,0.05
news_api,vietnam.vnanet.vn,1,0.02,0.05
news_api,vm.ru,1,0.02,0.05
news_api,volksstimme.de,1,0.02,0.05
news_api,vrt.be,1,0.02,0.05
news_api,vv.com.ua,1,0.02,0.05
news_api,wahpetondailynews.com,1,0.02,0.05
news_api,walesonline.co.uk,1,0.02,0.05
news_api,wallstreet-online.de,1,0.02,0.05
news_api,wape.com,1,0.02,0.05
news_api,wapt.com,1,0.02,0.05
news_api,war.obozrevatel.com,1,0.02,0.05
news_api,washingtonexaminer.com,1,0.02,0.05
news_api,watoday.com.au,1,0.02,0.05
news_api,watson.ch,1,0.02,0.05
news_api,wbkr.com,1,0.02,0.05
news_api,wboc.com,1,0.02,0.05
news_api,wcbi.com,1,0.02,0.05
news_api,wcbm.com,1,0.02,0.05
news_api,wcvb.com,1,0.02,0.05
news_api,wdsu.com,1,0.02,0.05
news_api,webinars.govtech.com,1,0.02,0.05
news_api,weekend.perfil.com,1,0.02,0.05
news_api,welt.de,1,0.02,0.05
news_api,wfaa.com,1,0.02,0.05
news_api,wfmd.com,1,0.02,0.05
news_api,wftv.com,1,0.02,0.05
news_api,wgauradio.com,1,0.02,0.05
news_api,wgme.com,1,0.02,0.05
news_api,wgna.com,1,0.02,0.05
news_api,wgxa.tv,1,0.02,0.05
news_api,whittierdailynews.com,1,0.02,0.05
news_api,whmi.com,1,0.02,0.05
news_api,wibx950.com,1,0.02,0.05
news_api,wikitree.co.kr,1,0.02,0.05
news_api,winfuture.de,1,0.02,0.05
news_api,wirtualnemedia.pl,1,0.02,0.05
news_api,wlox.com,1,0.02,0.05
news_api,wlwt.com,1,0.02,0.05
news_api,wnnj.iheart.com,1,0.02,0.05
news_api,wokv.com,1,0.02,0.05
news_api,woman.excite.co.jp,1,0.02,0.05
news_api,words.filippo.io,1,0.02,0.05
news_api,world.kbs.co.kr,1,0.02,0.05
news_api,wosu.org,1,0.02,0.05
news_api,wowo.com,1,0.02,0.05
news_api,wpxi.com,1,0.02,0.05
news_api,wsbradio.com,1,0.02,0.05
news_api,wset.com,1,0.02,0.05
news_api,wshu.org,1,0.02,0.05
news_api,wsoctv.com,1,0.02,0.05
news_api,wthr.com,1,0.02,0.05
news_api,wtsp.com,1,0.02,0.05
news_api,wusa9.com,1,0.02,0.05
news_api,wvtm13.com,1,0.02,0.05
news_api,wwltv.com,1,0.02,0.05
news_api,wwwhatsnew.com,1,0.02,0.05
news_api,wxii12.com,1,0.02,0.05
news_api,wxow.com,1,0.02,0.05
news_api,xx.sdnews.com.cn,1,0.02,0.05
news_api,y100fm.com,1,0.02,0.05
news_api,y95country.com,1,0.02,0.05
news_api,yasstribune.com.au,1,0.02,0.05
news_api,yeniakit.com.tr,1,0.02,0.05
news_api,yenialanya.com,1,0.02,0.05
news_api,yeniasya.com.tr,1,0.02,0.05
news_api,yn.xinhuanet.com,1,0.02,0.05
news_api,yorkpress.co.uk,1,0.02,0.05
news_api,zazoom.it,1,0.02,0.05
news_api,zdg.md,1,0.02,0.05
news_api,zdnet.com,1,0.02,0.05
news_api,zeit.de,1,0.02,0.05
news_api,zetatijuana.com,1,0.02,0.05
